﻿<?xml version="1.0" encoding="utf-8"?>
<deployment>
  <id>cf497740-beaa-48e0-8d71-3872c614e572</id>
  <author>N/A</author>
  <deployer>Push-Deployer</deployer>
  <authorEmail>N/A</authorEmail>
  <message>Created via a push deployment</message>
  <progress></progress>
  <status>Success</status>
  <statusText></statusText>
  <lastSuccessEndTime>2025-10-10T20:19:26.5429046Z</lastSuccessEndTime>
  <receivedTime>2025-10-10T20:19:17.4971223Z</receivedTime>
  <startTime>2025-10-10T20:19:18.8965534Z</startTime>
  <endTime>2025-10-10T20:19:26.5429046Z</endTime>
  <complete>True</complete>
  <is_temp>False</is_temp>
  <is_readonly>True</is_readonly>
  <buildSummary />
</deployment>