<step title="BackgroundTrace" date="2025-10-10T20:19:11.375" instance="a5d95f" url="/api/zipdeploy" method="POST" >
  <step title="Cleanup Xml Logs" date="2025-10-10T20:19:11.396" /><!-- duration: 29ms -->
  <step title="Creating temporary deployment - FetchDeploymentManager" date="2025-10-10T20:19:11.738" /><!-- duration: 17ms -->
  <step title="Creating temporary deployment" date="2025-10-10T20:19:11.768" /><!-- duration: 269ms -->
  <step title="Performing fetch based deployment" date="2025-10-10T20:19:12.560" >
    <step title="Cleaning up temp folders from previous zip deployments and extracting pushed zip file /tmp/zipdeploy/bfc9e589-ec24-43a1-8655-3c951991f5fe.zip (0.73 MB) to /tmp/zipdeploy/extracted" date="2025-10-10T20:19:14.582" >
      <step title="ChmodRecursive Process exited with total time taken in ms: 152" date="2025-10-10T20:19:15.095" /><!-- duration: 51ms -->
    </step><!-- duration: 632ms -->
    <step title="Deployment timer started" date="2025-10-10T20:19:17.363" >
      <step title="DeploymentManager.Deploy(id:cf497740-beaa-48e0-8d71-3872c614e572)" date="2025-10-10T20:19:17.404" >
        <step title="Collecting changeset information" date="2025-10-10T20:19:17.463" /><!-- duration: 129ms -->
        <step title="Updating submodules" date="2025-10-10T20:19:17.600" /><!-- duration: 1119ms -->
        <step title="Determining deployment builder" date="2025-10-10T20:19:18.990" >
          <step title="Builder is BasicBuilder" date="2025-10-10T20:19:19.015" /><!-- duration: 12ms -->
        </step><!-- duration: 47ms -->
        <step title="PreDeployment: context.CleanOutputPath False" date="2025-10-10T20:19:19.120" >
          <step title="PreDeployment: context.OutputPath /home/site/wwwroot" date="2025-10-10T20:19:19.273" >
            <step title="Building" date="2025-10-10T20:19:19.480" >
              <step title="Executing external process" date="2025-10-10T20:19:19.995" type="process" path="starter.sh" arguments="/opt/Kudu/Scripts/parallel_rsync.sh /tmp/zipdeploy/extracted /home/site/wwwroot 8 /tmp/ False True  " /><!-- duration: 5696ms -->
              <step title="Triggering recycle (preview mode disabled)." date="2025-10-10T20:19:26.017" /><!-- duration: 5ms -->
              <step title="Modified file to trigger a restart of the app container." date="2025-10-10T20:19:26.084" /><!-- duration: 5ms -->
              <step title="Skip function trigger and logicapp sync because function is not enabled." date="2025-10-10T20:19:26.093" /><!-- duration: 16ms -->
            </step><!-- duration: 7448ms -->
          </step><!-- duration: 7662ms -->
          <step title="Cleaning up temp files" date="2025-10-10T20:19:26.940" /><!-- duration: 5ms -->
          <step title="Cleaning up temp files" date="2025-10-10T20:19:26.965" /><!-- duration: 513ms -->
          <step title="Reloading status file with latest updates" date="2025-10-10T20:19:27.526" >
            <step title="WebHooksManager.PublishEventAsync: PostDeployment" date="2025-10-10T20:19:27.533" /><!-- duration: 88ms -->
          </step><!-- duration: 98ms -->
          <step title="Cleaning up temporary deployment - fetch deployment was successful" date="2025-10-10T20:19:27.631" /><!-- duration: 4ms -->
        </step><!-- duration: 8587ms -->
      </step><!-- duration: 10322ms -->
