<step title="Incoming Request" date="2025-10-10T20:19:07.444" instance="a5d95f" url="/api/zipdeploy?isAsync=true" method="POST" type="request" pid="822,1,5" Accept="*/*" Host="huerta-backend-dev.scm.azurewebsites.net" User-Agent="AZURECLI/2.77.0 (HOMEBREW)" Accept-Encoding="gzip, deflate" Authorization="Bea..." Cache-Control="no-cache" Content-Type="application/octet-stream" Content-Length="762929" x-ms-client-request-id="48082dce-a616-11f0-a7a9-a634b2ee9adf" x-ms-artifact-checksum="9a1a90235cfc949f7381527d8d2928722857a9817f7ff63fbb3065d9f1707785" X-ARR-LOG-ID="48082dce-a616-11f0-a7a9-a634b2ee9adf" CLIENT-IP="179.51.102.9:64921" X-SITE-DEPLOYMENT-ID="huerta-backend-dev" WAS-DEFAULT-HOSTNAME="huerta-backend-dev.scm.azurewebsites.net" X-Forwarded-Proto="https" X-AppService-Proto="https" X-Forwarded-TlsVersion="1.3" X-WAWS-Unencoded-URL="/api/zipdeploy?isAsync=true" X-Client-IP="179.51.102.9" X-Client-Port="64921" >
  <step title="ZipPushDeploy" date="2025-10-10T20:19:10.541" >
    <step title="ZipDeploy. Extract zip." date="2025-10-10T20:19:10.610" /><!-- duration: 12ms -->
    <step title="None repository commit" date="2025-10-10T20:19:10.653" >
      <step title="Commit id: cf497740-beaa-48e0-8d71-3872c614e572" date="2025-10-10T20:19:10.683" Message="N/A" AuthorName="N/A" AuthorEmail="N/A" /><!-- duration: 30ms -->
    </step><!-- duration: 70ms -->
    <step title="Starting PushDeployAsync" date="2025-10-10T20:19:10.750" /><!-- duration: 20ms -->
    <step title="Writing artifact to /tmp/zipdeploy/bfc9e589-ec24-43a1-8655-3c951991f5fe.zip" date="2025-10-10T20:19:10.874" >
      <step title="Writing multipart request body to /tmp/zipdeploy/bfc9e589-ec24-43a1-8655-3c951991f5fe.zip" date="2025-10-10T20:19:10.953" /><!-- duration: 20ms -->
    </step><!-- duration: 350ms -->
    <step title="Start deployment in the background" date="2025-10-10T20:19:11.346" >
      <step title="Acquiring Deployment Lock" date="2025-10-10T20:19:11.535" /><!-- duration: 11ms -->
      <step title="Acquired Deployment Lock" date="2025-10-10T20:19:11.698" /><!-- duration: 20ms -->
    </step><!-- duration: 711ms -->
  </step><!-- duration: 1567ms -->
  <step title="Outgoing response" date="2025-10-10T20:19:12.291" type="response" statusCode="202" statusText="Accepted" /><!-- duration: 38ms -->
</step><!-- duration: 4905ms -->
